#sign_id,X,Y,Z,check direction,range_x,range_y,range_z
0,37.2679,-0.126374,10.9483,z,0.5,0.5,1
2,28.6525,2.27297,17.9872,x,1,0.5,0.5
1,27.2657,-2.53,4.69139,x,1,0.5,0.5
